{
  "norm_stats": {
    "state": {
      "mean": [
        -0.18572288751602173,
        -1.1997671127319336,
        1.6488773822784424,
        -1.9368391036987305,
        -1.6071536540985107,
        -1.886319637298584,
        0.5033270120620728
      ],
      "std": [
        0.2293730527162552,
        0.18447792530059814,
        0.2523554563522339,
        0.28422877192497253,
        0.048854973167181015,
        0.37271663546562195,
        0.31679728627204895
      ],
      "q01": [
        -0.637260913848877,
        -1.5660674571990967,
        1.0914236307144165,
        -2.509594440460205,
        -1.77276611328125,
        -3.31282377243042,
        0.0117647061124444
      ],
      "q99": [
        0.27978140115737915,
        -0.8369525074958801,
        2.1869451999664307,
        -1.3634194135665894,
        -1.4899327754974365,
        -1.2489564418792725,
        0.8939412236213684
      ]
    },
    "actions": {
      "mean": [
        -0.00030740772490389645,
        -0.0018950853263959289,
        -0.0009569928515702486,
        0.0022286102175712585,
        0.0002614860131870955,
        -0.00035918212961405516,
        0.5919369459152222
      ],
      "std": [
        0.04493941366672516,
        0.05603966489434242,
        0.06156512722373009,
        0.09013193100690842,
        0.017158914357423782,
        0.11926140636205673,
        0.41470158100128174
      ],
      "q01": [
        -0.1645910143852234,
        -0.2337530255317688,
        -0.2506001591682434,
        -0.25352904200553894,
        -0.05903659760951996,
        -0.34786534309387207,
        0.0002128705382347107
      ],
      "q99": [
        0.16907984018325806,
        0.13975036144256592,
        0.17653882503509521,
        0.3620786666870117,
        0.061153143644332886,
        0.36638879776000977,
        1.0794713497161865
      ]
    }
  }
}