{
  "norm_stats": {
    "state": {
      "mean": [
        -0.17990624904632568,
        -1.3183249235153198,
        1.7520051002502441,
        -2.1005699634552,
        -1.5453472137451172,
        -1.6840654611587524,
        0.3624693751335144
      ],
      "std": [
        0.28545454144477844,
        0.15463721752166748,
        0.08959794789552689,
        0.14941087365150452,
        0.07733209431171417,
        0.18851767480373383,
        0.4123823940753937
      ],
      "q01": [
        -0.6260889172554016,
        -1.5780473947525024,
        1.5911765630722046,
        -2.4106276834487916,
        -1.6547456457138061,
        -1.9057459644317627,
        0.0117647061124444
      ],
      "q99": [
        0.12258644333481794,
        -1.0853910095214845,
        1.8605097330093383,
        -1.8687497416973113,
        -1.3952669065475463,
        -1.2839979343414307,
        0.8782580464603379
      ]
    },
    "actions": {
      "mean": [
        -0.004280801862478256,
        0.002022592816501856,
        -0.0004804611671715975,
        -0.0001464318484067917,
        -0.0007339666481129825,
        -0.0036674845032393932,
        0.3624677360057831
      ],
      "std": [
        0.03663451969623566,
        0.03688874468207359,
        0.025891732424497604,
        0.05177122354507446,
        0.026736915111541748,
        0.038479555398225784,
        0.41238290071487427
      ],
      "q01": [
        -0.10378182008415461,
        -0.12726485300064086,
        -0.08343916292190551,
        -0.1347826547384262,
        -0.13869096908569334,
        -0.18549750022888184,
        0.0117647061124444
      ],
      "q99": [
        0.11268927282989025,
        0.10254396307468416,
        0.10567792110443117,
        0.14639911084175106,
        0.05647892532348636,
        0.08701428642272951,
        0.8782580464603379
      ]
    }
  }
}