{
  "norm_stats": {
    "state": {
      "mean": [
        0.6117177605628967,
        -1.344224452972412,
        -2.3151607513427734,
        -1.0298832654953003,
        1.5415939092636108,
        0.6465705633163452,
        0.9686274528503418
      ],
      "std": [
        0.022869214415550232,
        0.0379793681204319,
        0.04841623082756996,
        0.08511724323034286,
        0.024690814316272736,
        0.05309062451124191,
        0.0
      ],
      "q01": [
        0.5441979765892029,
        -1.4351623058319092,
        -2.4054245948791504,
        -1.312424898147583,
        1.4495688676834106,
        0.45437970757484436,
        0.9686274528503418
      ],
      "q99": [
        0.651698112487793,
        -1.2362116575241089,
        -2.1484181880950928,
        -0.8611218929290771,
        1.5735244750976562,
        0.8180944919586182,
        0.9686274528503418
      ]
    },
    "actions": {
      "mean": [
        0.00007266199099831283,
        -0.004142271354794502,
        -0.004597421735525131,
        0.00884179025888443,
        0.0001352363615296781,
        -0.0003795660159084946,
        1.0
      ],
      "std": [
        0.003454031655564904,
        0.00815234798938036,
        0.00798797607421875,
        0.014853999949991703,
        0.003594802226871252,
        0.00804376881569624,
        0.0
      ],
      "q01": [
        -0.011218620464205742,
        -0.025559479370713234,
        -0.024973150342702866,
        -0.025058172643184662,
        -0.01177661120891571,
        -0.034672848880290985,
        1.0
      ],
      "q99": [
        0.013456340879201889,
        0.018311988562345505,
        0.0139649398624897,
        0.047916099429130554,
        0.015457790344953537,
        0.02837013453245163,
        1.0
      ]
    }
  }
}