{
  "norm_stats": {
    "state": {
      "mean": [
        0.5931972861289978,
        -1.3605809211730957,
        -2.3341126441955566,
        -0.9939181804656982,
        1.570567011833191,
        0.611134946346283,
        0.3843137323856354
      ],
      "std": [
        0.0011960399569943547,
        0.03667639195919037,
        0.03736548125743866,
        0.07387907058000565,
        0.003201874205842614,
        0.0,
        0.0
      ],
      "q01": [
        0.5931563377380371,
        -1.4277558326721191,
        -2.3957488536834717,
        -1.120601773262024,
        1.5705257654190063,
        0.6110822558403015,
        0.3843137323856354
      ],
      "q99": [
        0.5932459235191345,
        -1.3054975271224976,
        -2.2637619972229004,
        -0.873113751411438,
        1.5706247091293335,
        0.6111800074577332,
        0.3843137323856354
      ]
    },
    "actions": {
      "mean": [
        1.802944325390854e-6,
        -0.00848464760929346,
        -0.008740720339119434,
        0.01723630353808403,
        -8.517285010611886e-8,
        1.8745276975096203e-6,
        1.0
      ],
      "std": [
        0.000020840430806856602,
        0.0064859166741371155,
        0.006637288723140955,
        0.012994615361094475,
        0.00002309129740751814,
        0.00001992815305129625,
        0.0
      ],
      "q01": [
        -0.00004776742571266368,
        -0.02011794224381447,
        -0.01908208429813385,
        -0.00007793179247528315,
        -0.00005557537224376574,
        -0.00004682010330725461,
        1.0
      ],
      "q99": [
        0.00005042023258283734,
        0.00004281662404537201,
        0.0000326596200466156,
        0.037209413945674896,
        0.00005419254011940211,
        0.00004894477024208754,
        1.0
      ]
    }
  }
}