{
  "norm_stats": {
    "state": {
      "mean": [
        0.5857559442520142,
        -1.3561418056488037,
        -2.326059103012085,
        -1.029130220413208,
        1.5746005773544312,
        0.6279290914535522,
        0.9686276912689209
      ],
      "std": [
        0.0001726334885461256,
        0.0151012372225523,
        0.016001923009753227,
        0.0312423687428236,
        0.0,
        0.00038602022686973214,
        0.0
      ],
      "q01": [
        0.5857176184654236,
        -1.3828401565551758,
        -2.354130744934082,
        -1.0751322507858276,
        1.574558973312378,
        0.6278838515281677,
        0.9686274528503418
      ],
      "q99": [
        0.5857915878295898,
        -1.334632396697998,
        -2.301764965057373,
        -0.9740597605705261,
        1.5746406316757202,
        0.6279616951942444,
        0.9686274528503418
      ]
    },
    "actions": {
      "mean": [
        -1.0366775882175716e-7,
        -0.00424810778349638,
        -0.004414762835949659,
        0.00868147425353527,
        9.732976877785404e-7,
        6.343904033201397e-7,
        1.0
      ],
      "std": [
        0.00002135157774318941,
        0.0038041311781853437,
        0.003948399797081947,
        0.007752984296530485,
        0.000021534748157137074,
        0.000019882472770405002,
        0.0
      ],
      "q01": [
        -0.00004927484769723378,
        -0.011030768975615501,
        -0.01117201242595911,
        -0.00005392348612076603,
        -0.00005074324508314021,
        -0.00004836749940295704,
        1.0
      ],
      "q99": [
        0.000050379952881485224,
        0.00004262849688529968,
        0.0000322684645652771,
        0.021970035508275032,
        0.00005074145155958831,
        0.00004776817513629794,
        1.0
      ]
    }
  }
}