{
  "norm_stats": {
    "state": {
      "mean": [
        0.593193531036377,
        -1.3606094121932983,
        -2.3341448307037354,
        -0.9938528537750244,
        1.5705649852752686,
        0.6111502051353455,
        0.3843137323856354
      ],
      "std": [
        0.001220703125,
        0.03667151555418968,
        0.037581801414489746,
        0.07389882951974869,
        0.001291870721615851,
        0.0,
        0.0
      ],
      "q01": [
        0.5931563377380371,
        -1.4277558326721191,
        -2.3958017826080322,
        -1.120601773262024,
        1.5705257654190063,
        0.6110822558403015,
        0.3843137323856354
      ],
      "q99": [
        0.5932459235191345,
        -1.3054975271224976,
        -2.2637619972229004,
        -0.8735611438751221,
        1.5706247091293335,
        0.6111800074577332,
        0.3843137323856354
      ]
    },
    "actions": {
      "mean": [
        1.801330768103071e-6,
        -0.008478756994009018,
        -0.008734655566513538,
        0.017224356532096863,
        -1.0358153446077267e-7,
        1.8697832047109841e-6,
        1.0
      ],
      "std": [
        0.000020833744201809168,
        0.006487518083304167,
        0.006638979073613882,
        0.012998026795685291,
        0.00002310042327735573,
        0.000019922965293517336,
        0.0
      ],
      "q01": [
        -0.00004776742571266368,
        -0.020127039402723312,
        -0.01908208429813385,
        -0.00007793179247528315,
        -0.00005557537224376574,
        -0.00004682010330725461,
        1.0
      ],
      "q99": [
        0.00005042023258283734,
        0.00004281662404537201,
        0.00002855435013771057,
        0.037209413945674896,
        0.00005419254011940211,
        0.00004894477024208754,
        1.0
      ]
    }
  }
}