{
  "norm_stats": {
    "state": {
      "mean": [
        0.6117488145828247,
        -1.3442049026489258,
        -2.3151416778564453,
        -1.0298947095870972,
        1.5415695905685425,
        0.6465649008750916,
        0.9686274528503418
      ],
      "std": [
        0.022042397409677505,
        0.03852628916501999,
        0.049391284584999084,
        0.08515364676713943,
        0.025230489671230316,
        0.05315990373492241,
        0.0
      ],
      "q01": [
        0.5444490313529968,
        -1.4346356391906738,
        -2.404670000076294,
        -1.2915139198303223,
        1.4499620199203491,
        0.45507681369781494,
        0.9686274528503418
      ],
      "q99": [
        0.651698112487793,
        -1.2360200881958008,
        -2.1467204093933105,
        -0.8608354330062866,
        1.5735572576522827,
        0.8182687163352966,
        0.9686274528503418
      ]
    },
    "actions": {
      "mean": [
        0.00007266738975886256,
        -0.004142495803534985,
        -0.004597692284733057,
        0.00884231273084879,
        0.00013524526730179787,
        -0.00037958635948598385,
        1.0
      ],
      "std": [
        0.00345414481125772,
        0.008152521215379238,
        0.007988112047314644,
        0.014854291453957558,
        0.003594905138015747,
        0.008044003508985043,
        0.0
      ],
      "q01": [
        -0.011205047369003296,
        -0.025525324046611786,
        -0.0249470341950655,
        -0.024993250146508217,
        -0.011722788214683533,
        -0.034672848880290985,
        1.0
      ],
      "q99": [
        0.013510629534721375,
        0.018363218754529953,
        0.0139649398624897,
        0.04798102378845215,
        0.015583377331495285,
        0.02839227020740509,
        1.0
      ]
    }
  }
}