{
  "norm_stats": {
    "state": {
      "mean": [
        -0.17950445413589478,
        -1.321645975112915,
        1.7526676654815674,
        -2.097653388977051,
        -1.5427930355072021,
        -1.6786199808120728,
        0.3518419861793518
      ],
      "std": [
        0.2811053693294525,
        0.15343068540096283,
        0.0883127897977829,
        0.1480531245470047,
        0.07751531898975372,
        0.18817588686943054,
        0.4105120003223419
      ],
      "q01": [
        -0.6260889172554016,
        -1.5780473947525024,
        1.5911765630722046,
        -2.4106276834487916,
        -1.6547456457138061,
        -1.9057459644317627,
        0.0117647061124444
      ],
      "q99": [
        0.12243655837774281,
        -1.0853910095214845,
        1.8602393181800843,
        -1.8687497416973113,
        -1.3952669065475463,
        -1.2839979343414307,
        0.8782580464603379
      ]
    },
    "actions": {
      "mean": [
        -0.004166563507169485,
        0.0019524914678186178,
        -0.0004704135353676975,
        -0.000025115718017332256,
        -0.000732387590687722,
        -0.0034692054614424706,
        0.35184139013290405
      ],
      "std": [
        0.03608124703168869,
        0.036328576505184174,
        0.025497665628790855,
        0.05099155008792877,
        0.026328997686505318,
        0.037915583699941635,
        0.41051164269447327
      ],
      "q01": [
        -0.10334373034387827,
        -0.12607348396778106,
        -0.08172251768112182,
        -0.13256795437335966,
        -0.13432056198120118,
        -0.18398443069458006,
        0.0117647061124444
      ],
      "q99": [
        0.11219642187207937,
        0.10229314854145055,
        0.10419016189575195,
        0.14571766457557678,
        0.05635405654907227,
        0.08677538070678714,
        0.8782580464603379
      ]
    }
  }
}