{
  "norm_stats": {
    "state": {
      "mean": [
        0.5931980609893799,
        -1.3604681491851807,
        -2.333967447280884,
        -0.9941798448562622,
        1.5705751180648804,
        0.611133873462677,
        0.384313702583313
      ],
      "std": [
        0.0,
        0.03666501119732857,
        0.03749287873506546,
        0.07381409406661987,
        0.0013810679083690047,
        0.00042286395910196006,
        0.0001726334885461256
      ],
      "q01": [
        0.5931563377380371,
        -1.4277313947677612,
        -2.395695924758911,
        -1.120601773262024,
        1.5705257654190063,
        0.6110822558403015,
        0.3843137323856354
      ],
      "q99": [
        0.5932459235191345,
        -1.3054975271224976,
        -2.2637619972229004,
        -0.8729148507118225,
        1.5706247091293335,
        0.6111800074577332,
        0.3843137323856354
      ]
    },
    "actions": {
      "mean": [
        1.8008786355494522e-6,
        -0.008508010767400265,
        -0.008764812722802162,
        0.017283914610743523,
        1.3220393668689212e-9,
        1.868335175458924e-6,
        1.0
      ],
      "std": [
        0.000020841272998950444,
        0.006479819305241108,
        0.006630809046328068,
        0.012981351464986801,
        0.00002302949724253267,
        0.000019925017113564536,
        0.0
      ],
      "q01": [
        -0.00004776742571266368,
        -0.02011794224381447,
        -0.01908208429813385,
        -0.00007793179247528315,
        -0.00005505084845935926,
        -0.0000468568796350155,
        1.0
      ],
      "q99": [
        0.00005042023258283734,
        0.00004281662404537201,
        0.0000326596200466156,
        0.037217408418655396,
        0.00005419254011940211,
        0.00004894477024208754,
        1.0
      ]
    }
  }
}