{
  "norm_stats": {
    "state": {
      "mean": [
        -0.135898619890213,
        -1.259611964225769,
        1.619388222694397,
        -1.8946326971054077,
        -1.609283447265625,
        -1.799686312675476,
        0.3173168897628784
      ],
      "std": [
        0.2220621258020401,
        0.20917709171772003,
        0.20990756154060364,
        0.2751346826553345,
        0.06671072542667389,
        0.3175089955329895,
        0.33315151929855347
      ],
      "q01": [
        -0.657017795342207,
        -1.621297937989235,
        1.169609728562832,
        -2.709387951040268,
        -1.8125121971845628,
        -2.9889323854804037,
        0.011613333795405925
      ],
      "q99": [
        0.2811452962338925,
        -0.8312088517904281,
        2.101477629637718,
        -1.4258188180446625,
        -1.4439408672094345,
        -1.133798774778843,
        0.9095152941599488
      ]
    },
    "actions": {
      "mean": [
        -0.0008250558748841286,
        0.00015723503020126373,
        -0.0005098672700114548,
        -0.00008945701119955629,
        0.0003876491682603955,
        0.0019569573923945427,
        0.31721600890159607
      ],
      "std": [
        0.1035042405128479,
        0.14139324426651,
        0.1411767154932022,
        0.19293229281902313,
        0.045386604964733124,
        0.14343015849590302,
        0.33321768045425415
      ],
      "q01": [
        -0.35207462092638014,
        -0.46830854234695435,
        -0.5105900281667709,
        -0.4773943929672241,
        -0.13365989372730253,
        -0.5214865412712097,
        0.011613333795405925
      ],
      "q99": [
        0.3225295609235763,
        0.37936144274473205,
        0.4187454372048378,
        0.6768155577182771,
        0.15073146557807926,
        0.4405939785003663,
        0.9095152941599488
      ]
    }
  }
}