{
  "norm_stats": {
    "state": {
      "mean": [
        0.6117481589317322,
        -1.3441885709762573,
        -2.315131425857544,
        -1.0299072265625,
        1.5415703058242798,
        0.6465628743171692,
        0.9686276912689209
      ],
      "std": [
        0.022083595395088196,
        0.03860819712281227,
        0.049670469015836716,
        0.08519633114337921,
        0.02535303682088852,
        0.05317839980125427,
        0.0
      ],
      "q01": [
        0.5446721911430359,
        -1.4345287084579468,
        -2.4044814109802246,
        -1.2857849597930908,
        1.450093150138855,
        0.45551249384880066,
        0.9686274528503418
      ],
      "q99": [
        0.651698112487793,
        -1.2360188961029053,
        -2.1457772254943848,
        -0.8608354330062866,
        1.5735572576522827,
        0.8186172842979431,
        0.9686274528503418
      ]
    },
    "actions": {
      "mean": [
        0.00007267823093570769,
        -0.004142987076193094,
        -0.004598232451826334,
        0.008843342773616314,
        0.00013526101247407496,
        -0.000379629636881873,
        1.0
      ],
      "std": [
        0.003454343182966113,
        0.00815286673605442,
        0.00798841379582882,
        0.014854836277663708,
        0.0035951135214418173,
        0.00804446917027235,
        0.0
      ],
      "q01": [
        -0.01119147427380085,
        -0.025508247315883636,
        -0.0249470341950655,
        -0.024993250146508217,
        -0.011686906218528748,
        -0.034606438130140305,
        1.0
      ],
      "q99": [
        0.01352420449256897,
        0.0183802992105484,
        0.0139649398624897,
        0.048002660274505615,
        0.01561925932765007,
        0.02841440588235855,
        1.0
      ]
    }
  }
}